{
    "JD": 2.102462323412386,
    "TJX": -1.1398947918353302,
    "DRI": 1.1023683454284088,
    "MTCH": 3.4030023262293962,
    "BKNG": -2.4496296411135097,
    "BMY": -0.14935306188969827,
    "CVX": 2.236135896027324,
    "SNAP": 1.8463338239350318,
    "XOM": 4.033383641828041,
    "YUM": -0.8590875094582282,
    "EA": 3.142937488738947,
    "TIF": 0.007871978925433445,
    "FIVE": 0.916698845572114,
    "RL": -1.6691663051515795,
    "SIRI": -0.8620722256998448,
    "JPM": -1.1903491800016757,
    "EBAY": 1.4777116714769107,
    "BSX": -0.44456749083131886,
    "WDC": -2.0009915574378163,
    "MA": 0.19350284667215986,
    "NEE": 1.3389091588956388,
    "AWK": 1.8959749950428137,
    "CRM": 3.261499176804064,
    "LLY": -0.22782405284866475,
    "ABBV": -1.1829982748210444,
    "HALO": 2.9348308283844755,
    "ABT": -0.022255585315525354,
    "ALC": -1.8746321062984295,
    "EXAS": 2.352939515391761,
    "DG": 1.4104060354949421,
    "SY": -2.0833337275439496,
    "O": -2.278432678733553,
    "AMD": 5.372895444641272,
    "T": -1.0033419427692063,
    "NVO": 0.29954063659917846,
    "ADBE": 1.5326864442183947,
    "PYPL": 2.528814390451169,
    "MU": -1.33156296167804,
    "LULU": 0.0,
    "APTV": -2.2509556759446294,
    "X": 10.51930676133482,
    "CAT": -2.8499243425237677,
    "C": -0.8787379654138028,
    "ISRG": 0.6274315388528678,
    "AGN": -0.5481229655384111,
    "ILMN": 0.7584697551929168,
    "ALXN": -0.06737303604222475,
    "DXCM": 3.217972916810198,
    "AAPL": 1.4148809057535034,
    "AMZN": 1.3101236487597745,
    "ATVI": 3.059325850113993,
    "BA": -1.4320975281149806,
    "BAC": -0.6499116942206096,
    "DAL": -6.426206842779044,
    "DIS": -2.1990518434352784,
    "DNKN": 0.6126085371487441,
    "EL": 1.066426143664149,
    "F": -1.2195110131936575,
    "FB": 1.4782173190382866,
    "GOOGL": 0.42359323114474046,
    "GPS": 1.4048548478444889,
    "HLT": -0.860745699978689,
    "IBM": -0.15590583172574748,
    "INTC": 0.9048206833452193,
    "JNJ": -0.013479678047665169,
    "K": -1.8347246842552871,
    "KO": -1.0087699558448777,
    "MCD": -0.43250220578296905,
    "MRK": -1.0428705776867266,
    "MSFT": 2.44600380049333,
    "NFLX": 3.101597809512898,
    "NKE": 0.24549810875035533,
    "NVDA": 3.0094100722685346,
    "PFE": -0.0531361798299399,
    "PG": -0.8988213101359335,
    "SBUX": -2.5748766801805205,
    "SHAK": 2.069631874340775,
    "TAP": -1.875641255345183,
    "TSLA": 8.53675846859303,
    "TWTR": 1.4008598689328124,
    "TXN": 0.7200810519732774,
    "UN": -1.2217517437617156,
    "UPS": -1.5886823288697363,
    "V": 0.33034490406700556,
    "VZ": -1.0381842927646814,
    "AMAT": 1.4715343365062548,
    "BABA": -1.712259309034501,
    "BIDU": -1.3122209444764874,
    "BRK-B": -2.5838951486372466,
    "CSCO": 1.0508316823486903
}